Name,Department,Availability,Status
"Danganan, Alvincent E.",,,
"Barcelona, Arielle Joy I.",,,
"Liscano, Arvin Errol E.",,,
"Millet, Axel D.",,,
"Flores, Carlos P. Jr.",,,
"Virtudazo, Dennis Y.",,,
"Delos Reyes, Edjie M.",,,
"Gonzales, Gilbert G.",,,
"Prellejera, Gloria L.",,,
"Gamido, Heidilyn V.",,,
"Baladhay, Jerico S.",,,
"Legaspi, Jerome C.",,,
"Diamzon, Jiane Monique A.",,,
"Cura, Jo Anne G.",,,
"Asprer, John Cedric G.",,,
"Alug, Jonathan M.",,,
"Tan, Joselito T.",,,
"Ramos , Julius Caesar C.",,,
"Felix, Karizza D.",,,
"Casimiro, Kim Shaira B.",,,
"Pineda, Kwinno L.",,,
"Dignos, Larsen B.",,,
"Tolentino, Lito Alexis M.",,,
"Gacosta, Ma. Luisa L.",,,
"Gamido, Marlon V.",,,
"Serrano, Meg Nicole M.",,,
"Espino, Mylene S.",,,
"De Guzman, Nathaniel Craig G.",,,
"Diaz, Nicolas Z. Jr.",,,
"Lapitan, Nomar R.",,,
"Muñoz, Raine Micaela T.",,,
"Corpuz, Rengel V.",,,
"Quilala, Rogel L.",,,
"Domingo, Ronalyn T.",,,
"Telan, Ronilyn M.",,,
"Mercado, Ronnie B.",,,
"Quilala, Theda Flare G.",,,
"Pabalan, Thomas Chester C.",,,
"Simbol, Valarie D.",,,
"Abrajano, Xylyn Joy P.",,,
